{
    "content": {
        "background": {
        },
        "mix_param": {
            "col_gap": 0,
            "col_num": 1,
            "row_gap": 0,
            "row_num": 3
        },
        "mix_shaders": {
            "fragment_shader": {
                "source": "amaz_render_test.fs"
            },
            "vertex_shader": {
                "source": "amaz_render_test.vs"
            }
        },
        "mix_type": "Mix_ColRow",
        "sampler_map_index": [
            0,
            1,
            2
        ],
        "viewport_area": {
            "height": 0.33999999999999997,
            "width": 1,
            "x": 0,
            "y": 0.33
        }
    },
    "needblend": false,
    "requirement": {
        "faceDetect": false,
        "matting": false
    },
    "tag": "Mix_ColRow",
    "version": "1.2",
    "viewport_scale": {
        "height": 1,
        "width": 1,
        "x": 0,
        "y": 0
    }
}
