{"backgroundEdge":{"color":-1,"displayFrames":0,"enable":false,"triggerDelay":0,"triggerType":0,"width":5,"zposition":4},"parts":{"leftear":{"enable":true,"frameCount":7,"height":143,"position":{"positionX":[{"index":74,"x":115.368,"y":218.317138671875},{"index":77,"x":233.015,"y":218.08924865722656}],"positionY":[]},"positionRelationType":1,"positionType":2,"rotateCenter":[{"index":46,"x":174.904,"y":277.51116943359375}],"scale":{"scaleX":{"pointA":[{"index":74,"x":115.368,"y":218.317138671875}],"pointB":[{"index":77,"x":233.015,"y":218.08924865722656}]},"scaleY":{"pointA":[],"pointB":[]}},"triggerDelay":0,"triggerLoop":0,"triggerStop":false,"triggerType":0,"width":121,"zPosition":3},"rightear":{"enable":true,"frameCount":7,"height":145,"position":{"positionX":[{"index":74,"x":-91.853,"y":241.58474731445312},{"index":77,"x":35.021,"y":241.33897399902344}],"positionY":[]},"positionRelationType":1,"positionType":2,"rotateCenter":[{"index":46,"x":-27.648,"y":305.4216003417969}],"scale":{"scaleX":{"pointA":[{"index":74,"x":-91.853,"y":241.58474731445312}],"pointB":[{"index":77,"x":35.021,"y":241.33897399902344}]},"scaleY":{"pointA":[],"pointB":[]}},"triggerDelay":0,"triggerLoop":0,"triggerStop":false,"triggerType":0,"width":138,"zPosition":2},"saihong":{"enable":true,"frameCount":7,"height":106,"position":{"positionX":[{"index":45,"x":169.641,"y":49.16157531738281}],"positionY":[]},"positionRelationType":1,"positionType":2,"rotateCenter":[{"index":46,"x":169.697,"y":69.96504211425781}],"scale":{"scaleX":{"pointA":[{"index":74,"x":110.782,"y":11.388346672058105}],"pointB":[{"index":77,"x":227.203,"y":11.162834167480469}]},"scaleY":{"pointA":[],"pointB":[]}},"triggerDelay":0,"triggerLoop":0,"triggerStop":false,"triggerType":0,"width":358,"zPosition":1},"tail":{"enable":true,"frameCount":13,"height":276,"position":{"positionX":[{"index":9,"x":218.267,"y":51.905372619628906},{"index":23,"x":465.032,"y":50.64906692504883}],"positionY":[]},"positionRelationType":1,"positionType":2,"rotateCenter":[{"index":46,"x":341.848,"y":-51.508644104003906}],"scale":{"scaleX":{"pointA":[{"index":74,"x":272.751,"y":-120.20887756347656}],"pointB":[{"index":77,"x":409.292,"y":-120.4733657836914}]},"scaleY":{"pointA":[],"pointB":[]}},"triggerDelay":0,"triggerLoop":0,"triggerStop":false,"triggerType":0,"width":283,"zPosition":0}},"version":"1.1"}