{
    "content": {
        "featurearray": [
            {
                "path": "FaceMakeupV2_3/",
                "type": "FaceMakeupV2"
            },
            {
                "path": "FaceMakeupV2_2/",
                "type": "FaceMakeupV2"
            },
            {
                "path": "FaceMakeupV2/",
                "type": "FaceMakeupV2"
            },
            {
                "path": "Mix_ColRow/",
                "type": "Mix"
            }
        ],
        "featurelinks": [
            {
                "linkitems": [
                    "FaceMakeupV2_1c638388bbaf4488a679dc2b96ccd867"
                ]
            },
            {
                "linkitems": [
                    "FaceMakeupV2_2_b4d2bdc91f05471286eb8d4a08c6c629"
                ]
            },
            {
                "linkitems": [
                    "FaceMakeupV2_3_7c802e178b1546f5a67a5f9a23bf2a14"
                ]
            }
        ]
    },
    "requirement": {
        "faceDetect": true,
        "hairColor": true,
        "matting": false
    },
    "tag": "MultiViewer_36f144d610c54df9bb49b925258bf999",
    "version": "1.0",
    "viewport_scale": {
        "height": 1,
        "width": 1,
        "x": 0,
        "y": 0
    }
}
